TEAM_ID,TEAM_NAME,GP,W,L,W_PCT,MIN,E_OFF_RATING,OFF_RATING,E_DEF_RATING,DEF_RATING,E_NET_RATING,NET_RATING,AST_PCT,AST_TO,AST_RATIO,OREB_PCT,DREB_PCT,REB_PCT,TM_TOV_PCT,EFG_PCT,TS_PCT,E_PACE,PACE,PACE_PER40,POSS,PIE,GP_RANK,W_RANK,L_RANK,W_PCT_RANK,MIN_RANK,OFF_RATING_RANK,DEF_RATING_RANK,NET_RATING_RANK,AST_PCT_RANK,AST_TO_RANK,AST_RATIO_RANK,OREB_PCT_RANK,DREB_PCT_RANK,REB_PCT_RANK,TM_TOV_PCT_RANK,EFG_PCT_RANK,TS_PCT_RANK,PACE_RANK,PIE_RANK
1610612737,Atlanta Hawks,82,25,57,0.305,3946.0,95.6,96.9,101.9,102.4,-6.3,-5.5,0.542,1.14,14.9,0.313,0.691,0.501,0.178,0.456,0.5,94.5,93.63,78.02,7695,0.452,1,25,25,25,27,27,17,25,29,29,29,15,12,14,28,25,26,11,26
1610612738,Boston Celtics,82,36,46,0.439,3966.0,99.0,100.1,100.9,102.3,-1.9,-2.2,0.616,1.33,16.2,0.28,0.69,0.478,0.166,0.473,0.521,95.0,93.81,78.17,7748,0.468,1,20,20,20,13,17,15,20,12,21,19,26,15,28,20,14,12,10,23
1610612766,Charlotte Hornets,82,46,36,0.561,3976.0,99.3,99.7,96.3,97.6,3.0,2.1,0.679,1.61,17.8,0.315,0.71,0.513,0.156,0.457,0.506,92.0,91.24,76.04,7565,0.527,1,14,14,14,8,19,6,14,2,6,7,14,1,6,10,24,23,21,7
1610612741,Chicago Bulls,82,15,67,0.183,3971.0,94.3,95.9,104.9,105.9,-10.6,-10.0,0.665,1.4,17.4,0.302,0.673,0.48,0.173,0.45,0.495,91.7,90.47,75.39,7486,0.432,1,29,29,29,10,29,28,29,3,18,9,20,27,27,25,28,28,27,28
1610612739,Cleveland Cavaliers,82,30,52,0.366,3966.0,97.4,99.3,102.0,103.5,-4.6,-4.2,0.591,1.27,16.2,0.331,0.678,0.505,0.177,0.459,0.509,93.9,92.32,76.94,7613,0.469,1,23,23,23,17,22,21,23,20,25,20,7,23,10,27,23,22,17,22
1610612742,Dallas Mavericks,82,53,29,0.646,3961.0,104.5,105.6,100.1,101.2,4.4,4.4,0.564,1.52,16.5,0.272,0.678,0.481,0.146,0.498,0.544,95.5,94.52,78.76,7803,0.523,1,5,5,5,20,4,13,5,24,10,17,29,24,26,3,3,2,4,9
1610612743,Denver Nuggets,82,40,42,0.488,3956.0,101.1,102.2,103.1,104.9,-2.0,-2.8,0.661,1.73,18.0,0.306,0.69,0.497,0.147,0.47,0.511,95.3,93.98,78.32,7751,0.48,1,19,19,19,21,12,26,21,6,3,5,17,14,18,4,16,19,7,20
1610612765,Detroit Pistons,82,32,50,0.39,3971.0,97.3,98.5,98.9,100.3,-1.6,-1.8,0.558,1.25,14.9,0.325,0.691,0.505,0.164,0.453,0.498,97.5,96.15,80.13,7955,0.48,1,21,21,21,10,24,8,19,25,26,28,9,10,9,17,26,27,1,19
1610612744,Golden State Warriors,82,17,65,0.207,3956.0,94.5,96.3,104.9,105.5,-10.4,-9.2,0.609,1.37,15.9,0.357,0.68,0.504,0.165,0.429,0.47,96.8,95.7,79.75,7879,0.427,1,28,28,28,21,28,27,28,13,19,22,1,21,11,19,29,29,2,29
1610612745,Houston Rockets,82,45,37,0.549,3966.0,103.6,105.2,101.7,102.8,1.9,2.4,0.548,1.34,15.7,0.305,0.691,0.502,0.159,0.492,0.538,92.9,91.66,76.38,7575,0.509,1,15,15,15,13,5,19,10,27,20,23,18,13,13,12,7,6,20,16
1610612754,Indiana Pacers,82,41,41,0.5,3996.0,99.4,100.3,99.2,100.5,0.2,-0.2,0.623,1.42,16.9,0.297,0.685,0.497,0.164,0.471,0.519,91.9,90.89,75.75,7566,0.51,1,18,18,18,3,15,10,18,10,17,13,22,16,20,18,15,13,23,15
1610612746,Los Angeles Clippers,82,31,51,0.378,4006.0,98.4,100.3,101.8,103.2,-3.5,-2.9,0.547,1.23,15.3,0.322,0.682,0.506,0.171,0.476,0.514,92.1,90.67,75.56,7559,0.476,1,22,22,22,2,16,20,22,28,27,27,10,19,8,24,12,16,25,21
1610612747,Los Angeles Lakers,82,56,26,0.683,3981.0,105.6,107.0,101.7,103.6,3.9,3.5,0.607,1.59,17.4,0.338,0.691,0.517,0.154,0.498,0.535,94.3,92.9,77.42,7710,0.532,1,2,2,2,6,1,22,8,14,7,10,3,11,4,9,2,7,15,6
1610612748,Miami Heat,82,50,32,0.61,3976.0,98.6,99.4,95.7,97.1,2.9,2.3,0.605,1.45,16.4,0.28,0.7,0.49,0.153,0.469,0.515,89.4,88.39,73.66,7331,0.523,1,9,9,9,8,20,4,12,15,14,18,27,9,23,8,17,15,28,8
1610612749,Milwaukee Bucks,82,52,30,0.634,3956.0,106.3,106.8,101.2,102.6,5.1,4.2,0.593,1.64,17.2,0.301,0.683,0.494,0.145,0.499,0.542,94.7,93.89,78.24,7733,0.519,1,7,7,7,21,2,18,6,17,4,11,21,18,22,2,1,3,9,13
1610612750,Minnesota Timberwolves,82,47,35,0.573,3966.0,102.7,103.9,100.7,102.4,2.1,1.6,0.662,1.83,19.0,0.315,0.682,0.498,0.148,0.482,0.523,94.3,92.99,77.49,7679,0.518,1,12,12,12,13,11,16,15,4,2,2,13,20,16,5,10,11,14,14
1610612751,New Jersey Nets,82,26,56,0.317,3946.0,96.9,98.4,103.0,103.8,-6.1,-5.4,0.576,1.33,15.4,0.292,0.673,0.477,0.157,0.452,0.504,94.5,93.35,77.79,7674,0.446,1,24,24,24,28,25,23,24,23,22,26,25,26,29,11,27,25,12,27
1610612752,New York Knicks,82,48,34,0.585,3981.0,98.7,100.0,95.5,97.0,3.1,3.0,0.552,1.28,15.6,0.276,0.707,0.498,0.163,0.476,0.523,89.0,87.74,73.12,7276,0.52,1,11,11,11,7,18,3,9,26,24,24,28,2,17,15,11,10,29,12
1610612753,Orlando Magic,82,43,39,0.524,3991.0,100.4,102.1,99.2,101.1,1.2,1.0,0.598,1.45,16.6,0.321,0.662,0.489,0.159,0.474,0.513,95.8,94.14,78.45,7828,0.495,1,17,17,17,4,13,12,16,16,15,16,12,29,24,13,13,18,6,17
1610612755,Philadelphia 76ers,82,56,26,0.683,3971.0,100.7,101.9,96.2,97.3,4.5,4.6,0.583,1.31,16.0,0.334,0.704,0.523,0.17,0.468,0.518,93.2,92.09,76.74,7619,0.536,1,2,2,2,12,14,5,4,21,23,21,4,3,1,23,19,14,19,5
1610612756,Phoenix Suns,82,51,31,0.622,3961.0,97.5,98.9,95.4,96.7,2.1,2.3,0.647,1.52,17.5,0.305,0.702,0.5,0.161,0.46,0.506,95.7,94.41,78.67,7792,0.521,1,8,8,8,18,23,2,13,9,11,8,19,5,15,14,22,24,5,11
1610612757,Portland Trail Blazers,82,50,32,0.61,3956.0,103.6,104.7,99.0,100.5,4.6,4.2,0.653,1.56,18.6,0.333,0.7,0.522,0.168,0.497,0.539,91.7,90.53,75.44,7475,0.544,1,9,9,9,26,7,9,7,8,8,3,5,8,2,21,4,5,26,3
1610612758,Sacramento Kings,82,55,27,0.671,4016.0,102.8,104.2,97.0,98.5,5.8,5.7,0.591,1.52,16.8,0.307,0.679,0.497,0.152,0.484,0.529,97.0,95.61,79.67,8010,0.54,1,4,4,4,1,10,7,2,19,12,15,16,22,19,7,9,9,3,4
1610612759,San Antonio Spurs,82,58,24,0.707,3966.0,104.7,105.0,94.9,96.6,9.8,8.3,0.617,1.55,17.2,0.297,0.703,0.511,0.152,0.496,0.541,91.8,90.87,75.73,7514,0.573,1,1,1,1,13,6,1,1,11,9,12,23,4,7,6,6,4,24,1
1610612760,Seattle SuperSonics,82,44,38,0.537,3961.0,102.6,104.4,102.7,104.2,-0.1,0.2,0.592,1.43,16.9,0.321,0.668,0.496,0.164,0.491,0.53,94.2,92.69,77.24,7643,0.494,1,16,16,16,18,8,25,17,18,16,14,11,28,21,16,8,8,16,18
1610612761,Toronto Raptors,82,47,35,0.573,3991.0,102.6,104.4,100.5,102.0,2.1,2.3,0.657,1.86,18.2,0.339,0.7,0.515,0.141,0.468,0.51,93.8,92.22,76.85,7671,0.522,1,12,12,12,4,9,14,11,7,1,4,2,7,5,1,18,20,18,10
1610612762,Utah Jazz,82,53,29,0.646,3956.0,104.1,106.1,100.0,100.9,4.1,5.2,0.713,1.63,19.6,0.332,0.701,0.519,0.173,0.497,0.546,92.3,91.08,75.9,7503,0.548,1,5,5,5,21,3,11,3,1,5,1,6,6,3,26,5,1,22,2
1610612763,Vancouver Grizzlies,82,23,59,0.28,3956.0,96.8,98.2,103.2,104.2,-6.3,-6.0,0.662,1.47,17.9,0.293,0.675,0.484,0.168,0.464,0.51,94.1,93.03,77.53,7662,0.465,1,26,26,26,21,26,24,26,5,13,6,24,25,25,22,20,21,13,24
1610612764,Washington Wizards,82,19,63,0.232,3936.0,97.8,99.4,104.8,106.2,-7.0,-6.8,0.581,1.18,15.6,0.328,0.684,0.502,0.181,0.46,0.514,95.3,93.97,78.3,7695,0.453,1,27,27,27,29,21,29,27,22,28,25,8,17,12,29,21,17,8,25
